[
  {
    "id": 1,
    "name": "Harp",
    "src": "music/460893__ddmyzik__miracle-harp.wav"
  },
  {
    "id": 2,
    "name": "Pop",
    "src": "music/245645__unfa__cartoon-pop-clean.flac"
  },
  {
    "id": 3,
    "name": "Screech",
    "src": "music/423619__eardeer__angryboatlong.wav="
  },
  {
    "id": 4,
    "name": "Synth",
    "src": "music/128553__herbertboland__pianomoodsad3.wav"
  },
  {
    "id": 5,
    "name": "Birds",
    "src": "music/34207__cajo__birds-01.wav"
  },
  {
    "id": 6,
    "name": "Alarm",
    "src": "music/25031__sirplus__alarm-fatal.wav"
  }
]

