[
  {
    "id": 1,
    "name": "Juliette",
    "src": "music/460893__ddmyzik__miracle-harp.wav"
  },
  {
    "id": 2,
    "name": "Louis",
    "src": "music/245645__unfa__cartoon-pop-clean.flac"
  },
  {
    "id": 3,
    "name": "Christopher",
    "src": "music/423619__eardeer__angryboatlong.wav"
  },
  {
    "id": 4,
    "name": "Pricilla",
    "src": "music/128553__herbertboland__pianomoodsad3.wav"
  },
  {
    "id": 5,
    "name": "Finn",
    "src": "music/34207__cajo__birds-01.wav"
  },
  {
    "id": 6,
    "name": "Charlotte",
    "src": "music/25031__sirplus__alarm-fatal.wav"
  }
]

